LinenInjectionDetId,LinenInjectionId,LinenItemId,ConsortiaId,LinenCode,Description,QuantityInjected,DO/PONo
"0","0","3","26","LinenCode100","LinenCode100","0",""
"0","0","33","26","243","bw4bt","0",""
"0","0","34","26","54475","fgh","0",""
"0","0","35","26","Test 1","dffdsfsfsf","0",""
"0","0","36","26","Test 2","jbbjbb kjbfffff","0",""
"0","0","37","26","Test 3","asdfadf","0",""
"0","0","38","26","Test 4","nbn","0",""
"0","0","39","26","Test 5","jhbjhb","0",""
"0","0","40","26","Test 6","jb","0",""
"0","0","41","26","Test 7","jbjbjbhjb","0",""
"0","0","42","26","sdfs","asdf","0",""
"0","0","215","26","sd","sd","0",""
"0","0","216","26","dd","dd","0",""
"0","0","217","26","sds","sds","0",""
"0","0","218","26","111","111","0",""
"0","0","219","26","$CODE$106","$CODE$100","0",""
"0","0","221","26","$CODE$108","$CODE$100","0",""
"0","0","222","26","$CODE$109","$CODE$100","0",""
